<Bindings>
<!--
    This file is part of Decursive.

    Decursive (v 2.7.10) add-on for World of Warcraft UI
    Copyright (C) 2006-2019 John Wellesz (Decursive AT 2072productions.com) ( http://www.2072productions.com/to/decursive.php )

    Decursive is free software: you can redistribute it and/or modify
    it under the terms of the GNU General Public License as published by
    the Free Software Foundation, either version 3 of the License, or
    (at your option) any later version.

    Decursive is distributed in the hope that it will be useful,
    but WITHOUT ANY WARRANTY; without even the implied warranty of
    MERCHANTABILITY or FITNESS FOR A PARTICULAR PURPOSE.  See the
    GNU General Public License for more details.

    You should have received a copy of the GNU General Public License
    along with Decursive.  If not, see <https://www.gnu.org/licenses/>.


    Decursive is inspired from the original "Decursive v1.9.4" by Patrick Bohnet (Quu).
    The original "Decursive 1.9.4" is in public domain ( www.quutar.com )

    Decursive is distributed in the hope that it will be useful,
    but WITHOUT ANY WARRANTY.

    This file was last updated on 2019-11-18T13:42:00Z
-->

        <Binding name="DCRSHOW" header="DECURSIVE" category="ADDONS">
                        DecursiveRootTable.Dcr:HideBar(false);
        </Binding>
        <Binding name="DCRMUFSHOWHIDE" category="ADDONS">
                        DecursiveRootTable.Dcr:ShowHideDebuffsFrame ();
        </Binding>
        <Binding name="DCRSHOWOPTION" category="ADDONS">
                        LibStub("AceConfigDialog-3.0"):Open(DecursiveRootTable.Dcr.name);
        </Binding>
        <Binding name="DCRPRSHOW" category="ADDONS">
                        DecursiveRootTable.Dcr:ShowHidePriorityListUI();
        </Binding>
        <Binding name="DCRPRADD" category="ADDONS">
                        DecursiveRootTable.Dcr:AddTargetToPriorityList();
        </Binding>
        <Binding name="DCRPRCLEAR" category="ADDONS">
                        DecursiveRootTable.Dcr:ClearPriorityList();
        </Binding>
        <Binding name="DCRSKSHOW" category="ADDONS">
                        DecursiveRootTable.Dcr:ShowHideSkipListUI();
        </Binding>
        <Binding name="DCRSKADD" category="ADDONS">
                        DecursiveRootTable.Dcr:AddTargetToSkipList();
        </Binding>
        <Binding name="DCRSKCLEAR" category="ADDONS">
                        DecursiveRootTable.Dcr:ClearSkipList();
        </Binding>
</Bindings>
