<Ui>
	<Script file="base.lua"/>
	<Script file="parented.lua"/>
	<Script file="tipped.lua"/>

	<Script file="item.lua"/>
	<Script file="itemGroup.lua"/>
	<Script file="bag.lua"/>
	<Script file="bagGroup.lua"/>
	<Script file="bagToggle.lua"/>

	<Script file="currency.lua"/>
	<Script file="currencyTracker.lua"/>
	<Script file="brokerPlugin.lua"/>
	<Script file="brokerCarrousel.lua"/>

	<Script file="ownerSelector.lua"/>
	<Script file="dropButton.lua"/>
	<Script file="sortButton.lua"/>
	<Script file="money.lua"/>

	<Script file="frameBase.lua"/>
</Ui>
